id,proj_x,proj_y,willHelp,closeKnit,trust,solComProb,actNeighAs,relGroups
1,418362.7752,175662.3828,5,4,5,3,1,4
2,429913.8335,174170.6319,3,4,3,3,4,3
3,429345.4542,172026.4499,5,3,5,5,5,5
4,413519.2528,181661.6298,3,2,4,1,1,2
5,430517.2677,195191.7411,3,3,5,2,3,3
6,403298.3042,225183.4018,3,3,4,3,1,4
7,430599.1284,193907.517,5,5,5,5,5,1
8,441611.603,190877.3953,4,4,4,3,2,4
9,442005.8143,181299.1756,3,1,1,1,5,4
10,409407.377,164794.6491,5,3,3,2,3,4
11,437940.5763,191957.8625,2,2,2,1,3,4
12,475355.3424,210616.5367,5,5,5,5,5,3
13,427248.2176,160964.157,2,3,2,3,4,2
14,433525.1166,197108.1612,5,5,5,3,1,3
15,448872.065,152435.6526,4,3,5,3,5,3
16,468041.3634,222053.2908,4,4,4,1,1,4
17,454899.9567,188613.0359,5,5,5,5,4,5
18,411874.3438,182367.0767,5,5,5,5,5,5
19,435216.9146,189644.2189,5,5,4,5,5,4
20,433567.4398,185182.9141,5,4,4,5,4,4
21,426563.3261,187158.9399,4,4,5,4,5,4
22,454169.8709,210075.2753,5,5,5,5,5,5
23,437019.7689,185680.3516,5,5,3,5,5,5
24,440703.3914,179010.9045,5,3,4,4,4,1
25,441770.2094,144905.3199,4,3,4,4,5,3
26,409117.2061,222589.0421,4,2,2,2,2,4
27,424831.3654,163901.5227,3,3,3,2,4,1
29,439430.5026,189988.6261,5,5,5,4,4,1
30,458120.6694,207763.0134,4,5,3,4,4,4
31,431086.1161,197034.6064,5,5,5,5,5,5
32,444039.1678,141838.1294,4,3,4,4,4,3
33,443889.9817,143097.1315,3,3,3,2,1,1
34,426932.2704,183307.5267,4,4,3,4,5,3
35,442015.9547,176435.6896,4,3,4,3,5,5
37,438352.474,189433.1466,3,3,2,2,5,3
38,444104.9804,144862.9409,3,2,2,2,1,3
39,452532.927,210703.2806,5,4,4,4,4,5
40,433160.8988,173934.1841,1,5,3,5,5,5
41,426632.479,183824.0331,2,3,2,4,4,3
42,450877.9602,191052.1619,5,4,4,5,5,1
43,471383.9922,211816.6103,3,3,5,1,1,1
45,417376.3828,197933.8266,4,4,4,2,2,4
46,408748.318,211727.0804,5,5,5,5,1,1
47,416386.9337,178262.1201,5,5,5,3,2,3
48,431117.8466,161158.4427,4,2,4,3,4,1
49,449742.2281,189062.8168,3,1,3,1,3,1
50,476310.2964,209107.7307,5,5,5,4,4,4
52,433342.8991,156097.1648,5,5,5,5,4,4
53,440444.9494,164830.4406,5,5,5,5,5,4
54,433360.4511,166154.592,5,2,2,2,1,4
55,437790.242,191786.0362,3,2,3,1,3,4
56,435535.0176,189516.9002,4,4,4,5,5,5
57,440738.2603,205147.8667,5,5,5,4,3,5
59,444232.1094,190795.5572,5,5,5,5,4,5
60,424510.352,188398.2504,4,4,4,4,5,4
61,415141.9963,172434.4307,3,4,4,4,3,3
62,434135.7619,194120.7103,3,3,4,2,4,2
63,447358.3706,181061.4668,3,4,3,3,4,4
64,401018.4335,188655.7463,5,5,5,4,4,5
65,438774.6293,124464.6263,3,2,3,1,2,3
66,428668.0093,149163.4399,1,1,3,2,2,3
67,434483.533,185828.0708,4,5,4,5,5,1
68,417322.8008,179000.1662,4,4,4,4,5,4
69,408582.3434,207641.0094,4,4,5,4,1,3
70,432721.6808,211324.1294,4,3,4,2,1,2
71,441087.8532,189594.7668,5,5,3,3,5,3
72,430658.7716,208408.597,5,4,5,5,4,4
73,452724.2212,209848.9934,4,3,5,4,1,4
74,412254.2895,214609.7636,4,4,4,3,5,4
75,441316.392,183754.0025,4,4,5,4,1,2
76,440921.4799,190235.5305,5,4,4,3,3,2
77,390680.4644,223651.5692,2,1,3,1,1,2
78,430892.4733,187304.341,5,5,5,5,5,4
79,412009.3289,178421.5118,4,3,5,4,3,4
80,463542.5534,203218.4487,3,2,3,2,3,3
81,437895.1899,187599.2242,3,3,4,5,5,5
82,439951.8133,190375.8121,4,4,4,3,1,4
83,447319.7011,174677.3005,5,5,5,4,5,5
84,468000.5546,218455.9721,5,3,5,5,5,5
85,442408.5144,218768.728,4,3,4,4,5,3
86,433040.5752,186118.7619,4,3,5,3,5,5
87,433821.7802,189976.4858,5,5,5,5,5,5
88,433621.054,185412.6853,2,2,4,3,4,2
89,390267.0742,206993.4937,5,5,5,4,5,4
90,464114.627,196971.2262,1,1,3,1,1,3
91,437672.1634,141203.5089,4,2,3,2,3,3
92,409371.6191,171021.1577,3,3,3,4,4,4
93,407187.4347,223175.7818,4,4,4,4,1,3
94,440877.2548,149841.3411,5,4,5,5,5,3
95,450367.1412,192913.6498,5,5,5,5,5,4
96,411470.8969,172933.4615,3,3,5,4,5,3
97,433208.6317,196311.013,5,5,5,3,3,5
98,419316.2799,170595.8526,5,5,5,4,5,5
99,410799.1057,224874.599,3,1,1,1,4,3
100,412433.0944,217148.3755,2,2,4,3,5,3
101,425555.1363,159343.7548,3,3,3,3,2,2
102,435152.1529,192807.19,5,5,5,5,5,5
103,421692.7805,167416.9585,4,4,4,3,1,4
104,441674.2742,155571.3748,4,3,3,3,5,3
105,471292.2483,204231.1907,4,2,3,2,1,2
106,447440.8486,208025.7867,3,2,4,1,1,2
107,432827.7428,162492.9954,5,5,5,3,4,3
108,447528.6992,190775.4004,5,4,5,5,1,5
109,410304.2874,171334.0117,3,2,4,2,4,3
110,438270.6472,157748.6389,3,5,5,5,5,5
111,433068.3763,187641.4078,5,5,5,5,5,5
112,417957.2199,190607.8205,3,3,2,5,3,4
113,445622.0542,152815.1419,5,5,5,3,2,4
114,407909.8494,205891.1009,4,3,4,5,1,3
115,436410.7324,184393.8468,5,5,4,5,5,4
116,412377.8839,217678.5746,5,4,5,2,1,1
117,425782.3375,177235.2917,4,3,4,4,1,3
118,406354.9354,202776.3039,5,2,4,2,1,4
119,475638.0252,210336.742,5,3,5,5,3,5
120,414312.3076,179441.3376,2,1,3,1,1,5
121,428993.203,175182.7394,5,5,4,4,5,5
122,427577.6271,188396.5462,5,5,4,4,5,4
123,385086.549,221198.0719,4,3,3,3,1,4
124,400817.0725,209260.626,5,4,4,4,4,4
125,433853.7478,188199.9742,4,4,4,4,4,5
126,409519.506,206106.7726,5,4,4,2,1,5
127,418535.7522,173798.133,4,1,4,3,1,3
128,434721.6739,185519.9542,4,4,4,4,5,3
129,423927.133,179528.204,5,5,5,4,4,1
130,415132.6878,172821.9099,5,5,5,4,4,3
131,417915.0491,169530.4279,3,2,3,3,4,1
132,442169.4695,185515.2556,4,4,4,3,3,4
133,464907.8399,202800.565,5,2,4,1,1,5
134,426776.8496,183544.5836,5,4,4,5,5,2
135,439147.8509,141075.5835,5,5,5,5,5,5
136,442328.9825,142291.2283,4,4,5,5,5,3
137,439912.1095,190298.1066,5,4,4,2,4,5
138,460798.1448,195720.0103,3,3,3,3,3,3
139,439018.4328,157364.3862,5,5,5,4,3,3
140,431018.1854,165362.8515,3,4,4,4,1,4
141,403131.913,192741.9425,3,2,3,2,3,4
142,437393.8375,189870.2597,2,2,4,2,2,3
143,444225.1976,190621.8744,5,5,5,3,5,5
144,443411.6122,145431.2197,5,5,5,5,5,4
145,426528.2446,187616.6385,5,1,3,1,1,1
146,410668.1879,215756.5317,5,5,5,3,1,1
147,455364.3504,194934.4438,2,3,3,4,4,4
148,438907.4748,186614.4111,5,5,4,3,4,3
149,427958.7108,179953.1283,5,3,3,5,5,5
150,438923.6465,188397.0658,4,3,4,3,4,3
151,428903.4459,171640.283,3,2,4,2,2,4
152,439087.23,189483.3506,4,4,5,4,4,5
153,438629.4259,189665.3188,4,3,4,2,4,3
154,450537.312,192918.5543,3,1,3,3,5,3
155,455201.4695,188934.9051,5,5,5,4,1,4
156,453612.2799,209053.2338,3,2,3,2,2,4
157,424062.6444,179556.991,3,4,4,4,5,4
158,413425.8036,172003.5923,4,3,5,2,3,3
159,400891.7058,198785.8524,5,5,5,2,1,3
160,426723.9925,188452.4683,5,5,5,5,1,5
161,458412.9511,200035.1045,5,4,4,5,4,4
162,433461.0126,162964.4545,4,2,4,4,2,2
164,433278.6355,188768.4195,4,3,4,4,4,3
165,440281.3159,157346.1642,5,4,5,5,5,4
166,413236.2758,170298.2927,2,1,3,2,3,1
167,457321.9184,209357.7298,5,5,5,5,5,5
168,427529.981,187732.3101,4,3,5,3,3,3
169,463338.3562,226349.9916,4,4,4,1,1,4
170,424322.1807,179282.9349,5,5,5,5,5,5
171,435612.6284,190380.3789,4,3,4,4,5,4
172,438106.9253,156248.2943,5,4,5,5,5,4
173,456446.19,208937.9961,5,3,4,3,5,4
174,427134.0403,188901.5255,5,5,5,5,5,5
175,405907.246,169607.577,4,4,5,4,4,2
176,409959.1504,219440.4977,5,5,5,5,1,5
177,409881.7444,171996.2363,3,1,3,3,4,2
178,435340.4579,184823.4907,3,2,3,3,3,2
179,439964.0044,189528.8368,3,3,4,3,3,5
180,426826.8948,188548.1094,5,5,5,5,5,5
181,423584.7925,185256.7812,3,3,3,3,4,3
182,406315.2082,171256.9666,5,5,5,4,5,5
183,403977.8509,193639.7573,5,4,4,4,3,3
184,444152.4146,140152.0739,5,5,4,4,5,4
185,427309.4443,185341.6669,3,4,3,4,3,4
186,423664.5773,224806.7615,4,2,3,2,1,5
187,424333.1353,180850.3548,2,3,1,4,5,5
188,400730.2798,211762.4728,3,1,5,5,1,5
189,424798.1636,178219.7355,3,3,3,2,4,1
190,427195.992,188097.4869,5,5,4,5,4,4
191,424182.5054,178465.1469,5,5,5,5,5,5
192,443682.9392,191679.3411,5,5,5,5,5,5
193,462525.7634,199117.1903,5,5,4,4,4,4
195,434587.84,190825.1587,5,4,5,3,5,5
196,431204.1793,185147.3551,2,2,2,2,1,5
197,388709.0182,207322.5509,5,5,5,4,1,5
198,436966.426,190172.7489,4,4,4,4,5,4
199,426374.573,185987.2963,3,2,3,3,5,3
200,438915.1465,187190.8516,5,5,5,5,4,4
201,447985.6058,148413.0905,5,5,5,4,5,3
202,393595.8154,199522.3806,5,3,5,3,1,4
203,425917.2007,189062.1697,5,5,5,3,1,5
205,439006.1964,141229.8742,3,3,4,3,5,2
206,413767.6324,176223.4656,5,4,5,4,4,4
207,459763.265,208428.8869,5,5,5,5,1,2
208,438375.0241,190335.7731,5,4,4,3,4,4
209,422853.9555,186635.2668,4,3,5,5,5,5
210,424333.6037,181124.7865,4,5,5,1,2,5
211,418339.6246,178534.0767,5,5,5,5,5,5
212,406076.6977,171227.1346,5,5,5,5,5,5
213,433300.3196,186907.1662,5,5,5,5,5,1
214,436688.5274,185483.5619,5,3,4,5,5,1
215,424678.0306,179370.0135,5,5,5,3,1,5
216,438415.6844,164835.9691,3,3,3,3,5,1
217,459034.314,205414.4897,5,5,5,5,5,5
218,455286.176,189231.1174,4,5,3,5,1,3
219,439304.7252,164295.3163,2,3,2,1,3,1
220,439521.598,184807.8004,5,4,3,5,5,3
221,432243.9633,189040.2422,3,2,4,1,1,5
222,440109.4205,156618.5923,5,5,5,5,5,5
223,443201.3153,185667.8114,5,5,5,4,3,5
224,442750.2546,142172.8033,5,4,4,5,5,4
225,419896.7853,178970.25,3,4,4,4,5,5
226,400322.1669,188586.2312,5,5,5,5,1,5
227,426027.827,185629.9698,5,3,2,5,5,3
228,445007.9105,182142.8771,5,3,5,1,1,5
229,440541.9813,186829.3373,4,2,5,2,1,5
230,413326.8606,199645.8492,5,4,4,2,2,3
231,395881.5846,219981.6368,5,3,5,5,1,5
232,409068.1445,207827.0651,5,5,5,5,1,5
233,467680.6124,215985.0831,4,2,4,2,1,3
234,451248.7477,173755.3406,5,5,4,5,5,5
235,408076.5374,226823.9508,3,1,4,3,5,3
236,458746.4729,204774.8958,5,4,4,4,3,3
237,439474.9328,190304.7943,3,2,4,3,3,3
238,436073.2728,184677.3156,5,5,5,5,5,5
239,435779.9105,142480.3821,5,5,5,5,5,5
240,414405.2431,172530.0294,5,5,5,4,4,5
241,458628.2463,204087.4472,4,4,5,5,5,4
242,460271.1559,200703.085,3,3,3,2,2,2
243,436199.504,184692.7187,5,5,5,5,5,5
244,475822.4079,209713.3487,3,3,4,2,4,4
245,439590.0259,184150.8543,1,2,2,2,5,1
246,424505.2059,187939.5697,2,1,2,2,1,2
247,434394.3046,189688.0121,4,4,4,4,4,4
248,425356.6183,188176.8935,1,1,1,1,1,1
249,430850.1599,174089.9647,5,5,4,5,4,5
250,412772.8731,180527.5139,1,1,1,5,5,5
251,439910.1971,193523.6305,5,4,4,4,5,4
252,444413.0873,182250.8831,4,4,4,4,1,5
253,412371.3471,217255.0134,4,5,5,4,5,5
254,400624.7559,211513.8441,4,3,3,2,3,4
255,459194.3978,203849.0051,5,5,4,3,4,5
256,432845.2233,173811.7422,3,3,2,4,4,5
257,438885.2224,186326.3121,3,3,3,2,4,3
258,420832.3605,177173.6394,5,3,4,3,4,5
259,437546.8078,189774.8506,2,2,1,2,1,1
260,431692.511,205774.9025,3,1,5,1,1,1
261,433686.5253,189630.7392,5,5,5,5,5,4
262,431714.3189,201023.7855,5,4,5,5,5,3
263,459354.0194,202178.9145,4,4,4,5,5,5
264,412414.1654,166732.4466,4,3,4,3,5,5
265,423985.4757,178310.39,5,3,3,4,5,2
266,410835.044,179722.4967,5,4,4,3,3,4
267,428255.6768,128214.7827,5,4,4,3,1,4
268,444371.5726,192406.5721,5,5,5,4,3,3
269,438605.4668,124492.1735,4,5,4,5,5,5
270,423205.5196,195640.2519,3,1,4,3,4,2
271,437310.325,190152.3491,5,4,5,4,5,5
272,446519.5027,151833.2395,3,3,4,3,4,4
274,421220.6474,166720.3047,5,3,5,3,5,4
275,453394.2788,204078.9101,4,3,4,3,1,2
276,412553.3166,199717.4218,3,2,3,5,3,5
277,441031.3505,190092.1061,5,5,5,4,5,5
278,436009.7394,157926.0326,2,3,4,3,4,4
279,450671.0141,179593.024,4,5,5,4,5,2
280,428670.6982,170232.5864,4,5,4,5,5,5
281,413089.6633,175643.3896,5,5,1,5,4,4
282,434095.3385,189652.8299,5,5,5,5,5,5
283,420068.3637,174926.6929,2,1,2,2,2,3
284,403904.5382,208927.8066,3,1,4,5,3,1
285,401456.6628,208032.0356,2,3,3,3,1,3
286,427933.04,177911.332,2,3,3,3,3,3
287,427984.4074,184203.9514,4,5,4,4,4,4
288,411477.0359,170526.3386,5,5,5,4,4,4
289,438984.8846,140990.9321,4,3,4,4,4,3
290,440552.7274,186658.2925,5,5,5,5,5,3
291,434635.7321,186066.753,5,4,4,5,5,5
292,432566.5608,185914.3468,5,4,5,4,5,5
293,452681.3064,218964.0497,3,5,5,1,1,3
294,446828.8144,181905.7437,4,3,3,2,1,4
295,436214.1604,184795.6991,5,5,4,5,5,5
296,454682.0088,197162.0982,5,4,4,4,5,2
297,452622.0232,208758.9413,4,4,5,3,1,3
298,439682.2108,189090.341,3,2,2,1,3,4
299,442500.3679,152605.0535,5,5,5,4,1,5
300,412363.4973,161196.1497,3,3,5,3,1,4
301,425674.0932,165173.8333,5,5,5,3,5,4
302,425070.8232,179843.0359,4,2,4,3,3,3
303,438769.3954,159820.2163,5,5,5,5,5,5
304,417357.6297,195422.7198,2,2,2,2,3,3
305,416797.0393,160335.7753,5,5,5,5,5,4
306,442666.1773,157614.0479,5,4,5,3,1,5
307,438622.1678,189670.7888,2,2,3,3,1,5
308,426152.3064,187558.6292,4,4,3,3,4,4
309,436759.2804,185544.4541,5,4,5,5,5,2
310,441785.4884,180032.1387,5,5,3,3,5,5
311,454413.0511,197019.6187,3,2,5,2,5,5
312,431140.7149,197178.8204,5,5,5,5,5,4
313,385249.6923,221603.1075,5,3,4,3,1,5
314,417749.5031,198465.7604,3,3,3,3,3,3
315,470933.8534,204241.4981,4,4,4,3,1,4
316,412904.543,215691.702,4,4,4,4,3,5
317,409491.6364,167662.1787,5,2,5,2,3,3
318,434222.1513,158721.4314,3,4,4,4,4,4
319,417180.3081,177025.4974,4,2,3,3,5,3
320,415487.7896,190550.0545,5,4,4,5,5,5
321,433222.5537,187569.2127,3,3,3,3,5,4
322,438096.2791,186403.7676,4,4,3,3,4,3
323,411359.0481,168715.3235,3,3,3,4,5,3
324,457310.7683,203787.5933,5,5,4,4,3,3
325,436345.5576,193227.2434,2,2,3,2,1,4
326,408966.9988,222845.9692,5,5,5,5,5,1
327,439523.0495,189755.733,4,3,3,3,4,5
328,434479.1882,152298.7743,4,3,4,2,1,3
329,412436.9857,173997.4747,5,5,5,4,4,5
330,426033.8917,147424.4415,5,5,5,5,5,5
331,448547.8437,151236.4729,3,3,2,1,1,1
332,442159.5519,166200.094,5,5,5,5,5,5
333,425305.8077,154771.4847,4,4,5,4,5,4
334,438583.5169,189106.8979,4,5,4,5,5,5
335,446717.3858,173281.6566,3,3,1,3,1,4
336,460153.3981,201163.4172,3,4,3,3,3,4
337,440327.024,157573.3849,4,4,5,5,5,4
338,433197.1029,187367.0894,4,4,5,4,4,5
339,449448.4308,179833.0064,5,2,5,3,3,3
340,449317.2448,187635.4228,5,5,5,5,4,5
341,439222.543,188847.4779,5,4,4,4,5,4
342,425944.4581,175791.6903,4,4,4,4,4,4
343,446338.8619,192796.5496,5,3,5,3,3,3
344,447320.4987,194459.6497,4,3,4,4,5,4
345,439636.9862,192062.3689,2,3,3,3,5,5
347,425751.208,187953.2902,5,3,5,3,4,2
348,433466.5542,186632.5885,5,4,5,4,5,5
349,396664.3368,183348.5592,3,3,5,3,1,3
350,424404.2679,179133.6934,5,4,5,4,5,5
351,424225.2145,179348.2792,5,4,4,5,5,4
352,406993.3443,171149.9724,5,5,5,5,5,4
353,424786.4828,180676.0144,2,2,2,3,3,4
354,438902.8479,186619.0466,4,3,3,4,5,3
355,413690.0736,179549.0716,4,4,4,4,5,4
356,462252.9215,208181.829,4,3,5,2,1,2
357,465487.1145,202046.384,3,3,4,2,3,1
358,405544.5034,189603.3368,2,2,4,2,3,3
359,450083.6269,194195.9702,3,3,4,3,1,3
360,439739.8769,162095.7762,5,4,5,5,5,5
361,408695.2333,225880.4863,5,4,5,3,1,3
362,433207.9274,201138.3819,5,5,5,5,5,3
363,418436.9852,175188.2393,4,4,5,4,1,3
364,455657.3,189465.4014,2,3,4,3,5,3
365,464521.9892,196795.4054,4,4,4,3,5,2
367,470390.4578,215355.809,2,2,3,2,1,3
368,457896.1879,206717.3101,5,2,3,1,5,5
369,434361.8689,191845.271,4,4,4,4,4,3
370,448405.7835,153936.5686,4,3,3,4,5,4
371,439118.1245,191070.428,4,4,4,3,4,3
372,422339.2894,181670.2795,3,3,3,3,3,3
373,441063.9811,180430.2521,5,5,5,5,5,5
374,437060.1832,191201.4924,2,2,2,3,5,3
375,434082.7671,190278.309,5,5,5,5,5,4
376,458124.3957,215311.6121,5,1,5,1,1,5
377,404700.8052,192229.8456,5,5,5,1,1,3
378,456123.0407,189335.3008,5,5,5,5,5,5
379,434380.0816,189783.6645,5,5,5,5,5,5
380,409531.0041,165087.8494,4,5,3,1,2,5
381,426609.5056,188282.2517,5,5,5,4,4,4
382,431968.6005,160761.2246,5,5,5,5,5,5
384,409395.4084,169305.6246,5,1,4,1,1,3
385,436988.6033,191188.027,1,1,2,2,2,2
386,427218.3637,185050.824,4,3,4,3,5,4
387,439790.9837,184350.4941,4,4,3,4,3,5
388,410799.068,173792.2063,4,4,5,4,4,4
389,437194.2792,185914.53,3,3,3,3,3,2
390,413763.5246,216444.9638,5,4,5,3,1,5
391,426573.2341,187340.6595,5,5,5,5,5,5
392,433275.4901,157523.5886,4,3,3,3,4,4
393,427135.5467,188846.0509,5,4,4,4,4,5
394,425824.1659,180542.9808,4,4,4,3,4,4
395,434649.333,190295.1841,3,3,3,3,4,1
396,408798.685,206562.503,5,3,3,1,1,1
397,433190.5768,194208.5673,4,4,4,4,5,5
398,443038.2026,158389.7742,4,4,4,4,3,3
399,423981.8515,180797.6089,4,4,4,4,4,3
401,425461.9095,185507.8422,3,3,2,3,3,2
402,427345.4183,150794.6366,5,5,5,3,5,5
403,429703.5999,171227.3855,5,3,5,2,5,5
404,430813.1016,186077.9618,5,4,4,3,5,4
405,435177.0694,194434.8953,4,4,4,3,5,4
406,412434.6727,173793.3458,5,4,5,3,1,2
407,408469.0464,225673.115,4,3,4,2,1,2
408,451738.3505,228247.0754,5,3,5,1,1,3
409,441703.5011,193998.8147,4,3,4,3,4,4
410,406290.1046,192752.3046,5,5,5,4,5,5
411,431791.3061,191397.8116,5,5,5,5,1,1
412,441122.2566,187288.8984,4,4,3,4,4,5
413,431639.8827,165564.7831,2,2,4,4,5,4
414,445533.2302,141849.9727,5,5,5,5,5,3
415,435881.6462,189912.3447,5,5,5,4,5,2
416,438244.9733,189367.8249,5,5,5,2,5,5
417,408942.4824,163600.7281,4,4,5,4,4,3
418,428617.8317,150064.4118,3,3,3,3,4,3
419,444370.7397,189291.9966,5,5,5,5,5,5
420,408560.1446,220155.9228,3,2,4,4,1,5
422,438768.4749,185994.1249,4,4,4,5,5,3
423,436814.4566,157337.2903,4,5,5,4,4,5
424,402303.1444,188661.5231,5,4,4,5,4,3
425,410314.8386,173845.3408,4,2,5,2,5,3
426,402412.574,224008.5411,2,4,3,4,5,1
427,395814.3824,190916.6579,4,4,5,3,1,4
428,461449.0448,201612.2341,5,2,4,2,5,2
429,416508.9788,173427.7274,3,5,3,1,1,5
430,444561.9522,193254.2717,4,4,4,2,2,2
431,416647.1614,198684.8514,2,3,3,5,1,3
432,458919.8258,225946.9809,3,2,3,2,1,3
433,448548.6968,151420.2689,3,3,4,2,3,3
434,410320.593,172971.6798,5,5,5,5,5,5
435,406666.659,180314.5788,3,1,4,1,1,5
436,431400.9134,196163.8195,5,5,5,4,4,4
437,453580.8014,209629.4692,4,4,3,3,1,3
438,412296.1575,215491.233,4,5,5,4,1,3
439,440287.2666,164068.1981,3,3,4,3,3,4
440,447613.9588,194388.575,3,3,5,1,3,1
441,437132.3767,156267.7919,4,3,4,4,3,4
442,454334.2376,188460.0293,1,3,2,5,1,2
444,409738.2838,205846.5671,5,5,5,5,5,5
445,453056.8996,209040.5641,5,4,5,4,4,3
446,443007.0755,150644.9682,4,5,5,5,5,5
447,452024.6591,225032.3471,5,3,5,4,5,5
448,437545.2868,185684.1112,5,3,5,3,2,3
449,438574.2397,189389.762,4,1,2,2,5,2
450,409901.127,164950.672,5,5,5,4,1,5
451,441703.3092,126197.8879,3,3,3,3,3,5
452,424733.296,154987.763,5,4,4,4,5,5
453,425704.4099,175287.7875,5,5,5,5,5,5
454,457915.4088,210600.5512,5,5,5,5,5,5
455,420016.324,189682.754,4,3,4,3,2,3
456,433999.4496,194647.4052,4,3,5,3,5,5
457,428300.5243,184291.0535,3,4,5,2,5,2
458,455405.2913,208954.7198,4,3,3,2,1,4
459,386188.1715,221376.9109,4,5,5,5,1,3
460,424681.407,180183.1499,4,4,3,4,4,4
461,467382.5699,203145.8459,2,1,4,3,5,2
462,433790.494,190373.1867,5,5,5,5,5,5
463,442438.3095,159358.8499,5,5,4,4,1,5
464,426510.7136,177975.8712,5,4,5,4,4,3
465,443234.7673,193578.9038,3,3,3,3,4,5
466,439574.9948,184654.3334,5,5,5,5,5,4
467,462799.0166,203785.9457,1,1,1,1,1,1
468,438720.2386,187509.6442,1,3,3,3,4,1
469,435878.7155,142859.835,4,3,4,2,1,1
470,458870.1808,204553.4614,5,5,4,3,5,5
471,422688.7637,199884.1556,3,1,4,2,1,5
472,439609.6671,206072.1823,5,5,5,5,3,5
473,437067.7322,191133.7651,5,1,1,1,1,5
474,437687.1569,191353.5515,4,4,4,5,3,2
475,433490.2536,186008.8556,4,3,5,5,5,3
476,437389.1845,156688.2504,4,4,5,3,4,4
477,420457.5254,180538.6449,4,4,4,3,4,4
478,415951.4584,172231.4796,5,4,5,4,3,1
479,404234.3204,215141.7781,5,5,5,3,5,3
480,417447.4823,199037.6901,4,2,4,4,4,2
481,422295.8302,179354.8632,3,3,3,4,5,3
482,449770.3294,193867.0177,5,4,5,2,1,2
483,407445.3496,171180.8778,5,5,5,4,5,3
484,433325.3014,159171.9933,5,5,5,5,5,5
485,430956.7176,193534.5247,5,3,5,4,5,5
486,426509.5513,185162.3294,5,5,5,5,5,5
487,441356.4798,185515.1769,5,5,4,5,5,4
488,476545.9008,209225.6567,5,3,5,3,5,5
489,449893.0766,192747.5701,5,5,5,5,5,5
490,460331.8774,207749.2053,5,5,5,3,1,5
491,438492.389,158976.5487,5,5,5,5,5,5
492,434500.6637,190319.5184,4,4,5,4,5,4
493,437826.2348,191954.7704,5,4,4,5,5,5
494,438657.5274,190368.0741,4,3,4,3,1,2
495,399523.6193,225858.3056,5,3,4,2,1,3
496,409565.3094,223392.6467,5,4,5,4,4,4
498,441993.4283,191014.1038,4,4,4,3,1,3
499,437878.7219,190745.4507,3,4,3,4,4,3
500,413527.8418,202652.3954,3,2,3,3,3,1
501,457209.6832,206041.8029,4,2,3,3,1,4
502,458235.4968,207050.1864,5,5,5,3,1,5
503,412857.4024,182368.1966,4,3,5,3,1,4
504,433000.9095,188205.6687,3,3,4,2,4,2
505,456321.862,189664.9522,5,4,3,5,5,3
506,433661.0241,188369.4004,5,5,5,5,5,4
507,443957.9158,152997.1231,5,5,5,4,5,5
508,402930.5618,166929.0378,5,4,5,5,5,5
509,415516.3112,164679.3681,3,2,3,2,3,2
510,445221.4565,182885.6689,5,5,5,5,5,5
511,446201.8584,187702.4857,4,3,2,2,3,3
512,425579.03,188327.5378,5,5,3,5,5,5
513,442579.967,182342.8216,3,4,4,3,5,4
514,386365.5512,221720.5299,4,4,4,3,4,5
515,439306.441,186661.7095,5,5,5,5,5,5
516,441035.9811,186935.2361,5,5,5,4,5,5
517,417400.4455,170363.9772,4,4,4,3,5,4
518,406026.9716,190543.8903,4,3,4,5,5,5
519,426904.4378,188175.6817,5,5,5,3,5,3
520,424928.7082,158136.948,4,2,3,2,1,3
521,438814.1288,187672.3132,5,5,5,5,5,5
522,439071.2886,162955.5079,4,4,3,2,5,5
523,476378.1357,209819.122,4,3,4,3,2,2
524,433095.606,188358.9547,5,5,5,3,3,3
525,429216.4296,171639.7425,5,5,5,3,5,4
526,440020.2905,129161.4909,5,4,5,5,3,4
527,439272.1326,158647.9535,4,5,4,5,5,3
528,436894.0658,186117.2495,4,4,3,3,3,5
529,442597.0978,184162.7416,1,1,3,1,1,5
530,471058.0105,207488.7155,1,1,1,1,1,2
531,386607.2025,212938.1947,2,2,3,2,1,3
532,437530.3151,185927.1365,2,2,2,4,5,2
533,443890.2091,162678.886,4,3,4,5,5,5
534,434509.2271,190465.2465,5,4,4,4,4,2
535,433054.3923,186117.5498,5,5,5,5,5,4
536,428027.4522,190954.4738,3,3,5,3,2,5
537,418698.5243,169602.5462,3,2,3,2,2,2
538,423263.1594,191477.6505,4,3,5,3,4,4
539,433437.2449,189968.9121,5,5,3,5,5,5
540,457637.0824,205196.146,5,4,5,5,5,5
541,417760.1968,173611.7032,4,4,4,3,1,3
542,437586.8781,188130.1034,2,2,3,2,5,2
543,417708.2744,189652.6547,4,3,3,2,1,3
544,458131.6302,206017.2348,4,2,4,2,4,5
545,432689.3413,144580.9752,5,5,5,4,5,3
546,432510.5708,197063.6632,5,4,4,2,4,5
547,411128.262,166906.2742,4,4,4,3,3,4
548,456920.3388,209300.592,4,3,4,1,1,4
549,446927.3299,152792.294,2,2,2,3,3,5
550,449883.2032,194096.4377,3,1,5,3,5,3
551,438009.2741,185626.2004,4,3,3,4,5,3
552,412557.129,160581.9826,3,3,3,2,3,4
553,405073.8366,191593.9577,4,4,4,3,5,4
554,425732.9872,177023.8042,5,5,5,3,1,5
555,429453.8556,177397.2344,4,4,4,3,2,3
556,443593.8313,140314.5552,5,5,5,5,5,5
557,426867.1652,179441.1258,2,4,1,3,4,4
558,417828.5509,198066.9785,3,3,3,2,1,5
559,411989.6238,166262.1425,5,5,5,4,3,1
560,449143.3726,213806.2772,5,4,4,2,1,3
561,436272.1189,184352.1269,4,3,5,3,5,5
562,455384.4447,189094.1647,2,2,3,3,5,5
563,433253.3265,159494.8085,5,5,5,5,5,5
564,409045.9007,163143.0595,4,3,4,3,4,4
565,424232.7074,197623.748,4,3,5,2,1,2
566,438927.2459,188865.4933,5,5,5,5,5,5
567,440830.1495,155503.8681,2,3,3,3,4,5
568,416186.6253,171932.1251,5,5,5,3,5,4
570,417252.158,169465.0027,5,5,5,2,4,5
571,433410.6548,189883.6727,3,2,5,2,4,3
572,420656.3152,177265.9224,5,4,5,5,4,5
573,442712.3289,177348.2729,3,3,3,3,5,4
574,427872.3556,184450.8826,5,3,3,1,5,3
575,425659.8637,187734.8827,3,3,3,3,3,3
576,427045.1592,164959.8943,5,3,3,3,1,3
577,409652.2995,219728.9776,5,4,4,5,1,1
578,390350.1407,207865.8769,5,5,5,5,1,5
579,431394.8087,191769.7615,4,3,5,3,5,5
580,431173.8668,201071.5992,5,4,5,5,4,5
581,435527.1859,190086.4954,3,3,3,5,5,3
582,409429.8096,219587.2404,5,5,4,3,1,4
583,434021.0055,188143.0987,5,5,4,4,5,5
584,433475.691,128717.4295,5,5,5,3,1,1
585,429907.8157,174194.3246,3,1,1,2,2,1
586,414128.0727,224641.8549,3,2,5,2,1,4
587,410112.921,180273.7829,5,5,5,5,5,5
588,417030.5859,180187.4516,3,3,4,3,5,3
589,436995.4028,188204.3802,4,4,4,4,4,4
591,450394.9742,200150.2602,4,3,4,3,2,4
592,401682.1584,187115.1291,5,3,2,1,1,4
593,445912.8133,185172.828,3,4,4,2,1,1
594,445855.1929,190881.0872,5,4,4,3,2,4
595,448034.1521,184640.8492,4,4,4,4,3,4
596,440374.4158,157212.3952,5,5,5,4,5,4
597,467772.5584,207917.9404,5,5,5,5,5,5
598,427619.7178,177328.3361,5,5,4,3,1,5
599,434653.609,185741.1501,4,4,4,4,5,5
600,453861.4184,197964.9549,2,3,3,1,1,3
601,433494.6872,185121.6181,5,5,5,4,5,3
602,456897.9728,189545.8538,4,3,4,1,5,3
603,410566.4053,225148.3271,2,4,2,4,5,3
604,396559.7702,223886.5156,4,3,5,4,1,3
605,436874.9409,187250.9062,4,4,4,3,5,4
606,438886.5888,189509.0382,2,2,4,2,5,4
607,418661.4522,222510.6643,5,3,5,3,1,5
608,445179.4261,154910.9523,5,5,5,5,5,1
609,432981.5222,188281.8194,4,3,5,4,5,5
610,443428.9875,128382.0538,4,2,4,3,5,3
611,425788.1967,189306.5375,5,5,4,3,2,5
612,453802.0007,207972.7927,1,1,2,1,2,2
613,438483.1925,139554.1863,3,3,4,4,5,2
614,460975.947,211046.0262,5,5,5,4,2,4
615,413423.0185,160853.589,2,2,4,2,1,1
616,462028.4789,217563.5356,3,2,4,1,1,2
617,438261.7043,188225.6834,5,4,3,4,5,4
618,434340.0283,187061.1353,5,3,4,3,5,1
619,422997.9128,186883.8633,3,3,3,3,4,3
620,411500.4055,164891.0125,5,5,5,5,5,4
621,409945.7008,165164.5881,3,2,4,2,1,2
622,423580.8237,183287.8805,3,2,4,4,5,3
623,394995.4712,189996.4178,5,4,4,1,1,3
624,408749.7242,219860.9146,4,4,4,3,4,5
625,426086.7046,154049.4547,5,5,5,4,5,5
626,424198.4746,191247.5391,3,2,4,2,5,1
627,438377.6178,188995.7764,5,4,4,5,5,1
628,428964.0108,175419.7912,3,2,4,1,3,5
629,436796.1462,190318.064,3,2,2,3,2,3
630,407027.4582,217619.8552,5,4,4,2,1,5
631,400973.5267,211444.4187,4,3,3,3,1,4
632,441612.0869,187803.0803,4,3,5,3,4,3
633,412330.1614,209280.4373,5,2,4,5,1,5
634,412857.9819,176771.6292,5,3,4,3,4,2
635,391599.2088,183549.2644,4,5,5,5,1,5
636,460336.1783,199930.2024,1,1,1,2,2,2
637,426071.7594,155976.6545,4,4,2,2,5,5
638,425587.5958,189130.5469,5,5,5,5,5,5
639,406394.3644,202713.2299,5,4,4,3,2,3
640,416963.2517,170795.8332,4,3,3,4,4,3
641,426825.8104,189444.2618,4,4,5,3,2,5
642,406935.1497,191560.2271,4,4,4,3,2,4
643,439840.1708,162615.0553,4,3,5,4,1,5
644,433398.7069,158512.0934,5,5,5,5,5,5
645,443941.7617,144847.2115,3,3,5,3,2,3
646,432921.7588,166679.1478,3,5,3,3,1,5
647,431898.7513,161881.484,3,3,4,2,2,3
648,456274.7585,193490.3218,4,2,4,4,1,4
649,420748.4126,180546.1825,5,5,5,3,4,5
650,440398.6521,165758.0721,3,3,3,3,3,3
651,398320.6862,212685.9429,4,3,5,2,1,5
652,429058.9116,177188.2524,5,5,1,5,5,5
653,439173.9824,163529.4206,4,2,3,2,4,3
654,424435.9194,188018.1271,3,3,3,2,5,2
655,434852.8713,189310.9838,3,3,3,1,1,1
656,428827.522,170059.1025,5,4,5,5,5,5
657,431924.6773,186226.3859,4,4,5,4,4,2
658,426872.0784,161367.2954,4,5,5,5,4,4
659,443350.9871,192760.026,5,5,5,5,5,5
660,409427.7438,164306.8187,4,3,5,2,4,1
661,432549.2019,196933.801,4,4,5,3,3,3
662,414521.9693,172825.8424,5,5,5,5,5,5
663,417182.576,169940.8547,3,1,4,2,1,3
664,400063.0367,198757.4264,5,5,4,5,1,5
665,425826.6934,184386.3073,4,4,4,3,4,3
666,428409.4015,128764.9826,4,3,4,4,2,4
667,419645.2593,169745.0241,3,5,5,5,5,5
668,433399.6801,187823.2241,4,5,5,5,3,3
669,432873.8496,189187.2679,5,5,5,5,5,5
670,417223.4261,199106.6539,5,4,5,4,5,4
671,432285.1371,187337.4598,4,4,4,4,4,4
672,410382.2098,171205.7963,4,3,4,3,5,2
673,407084.0277,218810.0875,5,4,3,3,1,5
674,437358.135,183679.5891,4,5,4,4,4,5
675,391699.1663,226941.5132,5,5,5,5,5,1
676,432824.9003,192880.987,4,3,5,3,4,4
677,439760.6464,188010.3456,5,4,4,4,4,4
678,413840.9848,164438.2528,5,5,5,5,3,2
679,412439.5184,168632.6787,5,5,5,5,1,2
680,407342.8397,218000.493,5,5,5,5,1,5
681,399410.8297,205250.1426,4,3,4,2,1,3
682,416005.0638,164317.8406,4,3,4,3,3,2
683,426571.6047,185875.7294,5,1,5,5,5,3
684,441580.253,137642.218,3,2,1,1,4,1
685,409919.2585,170982.0196,5,5,5,2,5,5
686,453848.3183,215171.7998,3,2,3,2,1,3
687,420856.8836,177361.7375,5,4,5,5,5,5
688,441609.0265,139847.7954,5,5,5,5,5,4
689,433151.9259,194181.7219,5,4,4,5,5,5
690,428194.4163,183610.5186,2,2,3,2,1,3
691,462595.4563,195972.9914,2,3,3,3,5,3
692,384014.8853,227378.6931,5,5,5,5,1,4
693,457559.5731,200103.7712,5,5,5,3,5,5
694,412688.5321,217584.1959,1,1,2,2,1,2
695,433560.0727,185830.8542,4,4,5,4,5,4
696,416761.6722,176340.6464,2,1,3,2,1,2
697,400894.9882,198787.1229,3,3,4,3,2,3
698,402913.0584,192819.786,5,5,5,5,5,5
699,441083.8796,224936.3823,5,5,5,5,5,5
700,399684.2316,216861.9427,3,3,3,4,1,5
701,424359.5778,162900.2025,4,2,3,2,3,4
702,425700.8342,180621.3487,3,3,5,5,5,5
703,406025.3638,169418.7893,5,5,5,3,5,1
704,412145.2174,215220.3494,2,5,4,4,3,5
705,407632.1806,206060.6629,5,5,4,3,5,3
706,443591.3085,194099.2663,4,4,3,3,1,5
707,437388.9305,185783.316,5,3,3,5,5,5
708,416829.0549,198989.7529,3,3,2,2,4,2
709,418184.0782,187530.8088,1,1,3,2,3,3
711,438361.5192,189196.0212,5,3,5,4,5,2
712,436922.1484,185037.849,4,5,3,2,2,3
713,408013.43,207247.7888,5,5,5,5,5,5
715,437054.3545,184900.4057,5,5,5,5,5,4
716,419681.6536,179181.8844,5,4,5,5,1,5
717,434496.1475,186251.2145,3,2,2,2,1,3
718,398900.8952,213525.7284,4,4,4,4,4,3
719,427076.7711,204744.1024,4,4,5,4,5,4
720,459336.85,223937.7267,4,4,4,4,3,4
721,452351.8073,179457.059,5,5,5,4,5,3
722,470416.8096,203941.6312,5,5,5,5,5,5
723,443536.8726,188738.8805,3,5,2,5,5,3
724,438595.6658,141046.1924,2,2,2,3,4,5
725,453861.6512,201857.2487,3,2,4,3,3,4
726,437052.5742,185138.8338,5,5,5,4,5,4
727,433223.7759,186968.2519,5,5,5,5,5,4
728,452889.8121,207851.8101,2,2,2,1,2,3
729,427235.0025,147750.7499,5,5,5,4,3,4
730,442467.0835,208430.1565,4,4,5,5,4,3
731,439220.9925,185200.5862,5,5,3,3,5,4
732,434545.8937,200661.7506,1,1,1,1,2,2
733,408918.2997,221921.2847,4,4,4,3,4,3
734,457145.1441,210938.8274,4,3,4,4,4,4
735,416279.6928,199197.394,4,2,5,3,5,4
736,458422.3527,195325.0491,4,3,3,3,3,4
737,436650.1563,186943.232,3,4,4,2,4,2
738,425543.9132,197714.3003,5,3,5,3,5,3
739,455702.7179,209830.1851,5,5,4,5,5,5
740,407531.5291,194026.4893,4,3,4,4,1,4
741,433974.8435,156222.2425,5,5,5,5,5,5
742,431662.9695,185886.0961,5,4,4,5,5,5
743,416811.3276,199602.9804,2,2,2,2,1,5
744,425177.0193,179979.3194,3,3,4,4,4,2
745,408646.959,221595.6876,5,5,5,5,2,2
746,433392.9816,184907.3133,4,4,4,3,5,5
747,403429.1283,222332.8927,4,2,3,1,1,3
748,445589.6553,152935.6472,1,3,3,4,5,3
749,432580.2271,194202.2016,4,3,4,4,5,5
750,451120.0455,199305.3356,5,5,5,5,5,5
751,413525.4857,169970.5779,2,3,4,2,2,1
752,433565.5634,189938.5422,5,5,5,5,5,4
753,416403.2133,196957.2071,1,2,2,3,3,3
754,414363.7243,179762.0223,5,5,5,5,3,4
755,440268.6941,178924.816,4,4,5,4,4,5
756,451764.0483,179444.7044,5,5,4,4,5,1
757,448033.2136,173243.8267,5,3,3,5,1,5
758,405171.1908,225303.8601,4,3,4,2,1,4
759,417883.9746,169573.5536,3,3,4,3,5,1
760,437104.8274,188564.4594,2,2,3,4,5,3
761,411538.7899,172457.9778,3,2,3,3,3,4
762,435657.1472,223916.1048,5,4,5,4,1,3
763,421031.6779,171321.0268,4,4,4,4,3,4
765,425435.7138,189134.2899,5,4,4,4,3,2
766,435231.222,189532.0504,4,4,4,5,4,5
767,409300.6052,219747.6132,5,5,5,5,1,5
768,439130.0875,144533.1385,4,4,5,5,5,1
769,396857.1765,213072.2417,5,5,5,5,5,5
770,431094.0761,172036.5411,2,5,2,3,5,5
771,436822.1942,221418.657,2,2,5,4,1,3
772,405851.3637,196862.6447,1,1,1,3,5,5
773,438840.1526,124620.3572,5,5,5,5,1,1
774,433433.0584,188014.7939,4,3,3,4,5,4
775,434485.0309,190136.9144,5,5,5,5,5,5
776,425253.6372,188099.0593,3,3,3,3,5,5
777,400726.3457,211767.1313,5,5,5,5,1,5
778,434032.3857,189008.3887,5,5,4,4,5,3
779,427722.9299,162189.2567,5,5,5,3,1,3
780,459816.6309,208741.4496,5,5,3,5,1,2
781,443286.9504,177743.9975,1,1,1,1,5,5
782,419279.77,179857.2228,5,5,5,5,1,4
783,431290.229,188319.8037,4,4,5,4,4,5
784,471822.9976,207330.0703,5,5,5,5,1,5
785,447521.1558,173819.6495,5,5,5,5,5,5
786,417434.6444,183488.2811,5,5,5,4,4,3
787,433938.7878,185709.6602,4,3,3,3,3,4
788,426662.3778,185096.7774,3,5,2,4,5,1
789,442994.9657,184309.7452,3,3,3,2,1,2
790,457543.6242,205145.9057,4,3,5,3,3,2
791,458041.3711,211033.9296,3,3,4,3,4,4
792,433639.0959,163897.3078,5,4,4,5,3,5
793,404000.7702,224659.782,4,2,4,2,1,4
794,439043.809,187369.789,4,4,2,1,3,3
795,442240.7525,154835.4066,5,4,5,4,4,5
796,426616.9113,187064.6776,3,3,4,3,5,2
797,433131.2009,190054.8617,5,5,5,5,5,5
798,448253.2138,173464.9679,3,3,4,2,1,5
799,408335.0964,171011.5244,2,2,4,4,4,3
800,397658.6277,210376.5372,3,3,4,4,3,5
801,438525.5174,123893.4367,1,1,2,1,4,5
802,427197.2896,158317.6384,5,4,5,4,5,3
803,459737.2299,208919.5827,5,5,4,5,1,5
804,430136.2715,163528.6956,3,3,2,2,4,4
805,426490.4043,147284.0948,5,4,4,4,5,3
806,436567.483,191428.3109,5,5,5,5,5,5
807,425259.5729,227827.5422,4,3,4,3,2,3
808,438616.1002,192780.2399,3,3,3,5,5,1
809,388725.2802,220446.9532,5,5,5,3,1,5
810,436995.9688,190180.9347,4,3,5,4,5,1
811,467382.5699,203145.8459,4,3,3,4,4,3
812,411916.8613,173830.6613,4,4,4,3,1,2
813,457861.7439,195355.6313,4,3,3,3,1,3
814,424640.0999,190846.5701,3,3,3,2,3,4
815,420647.6194,178573.6678,5,5,5,5,5,5
816,435978.2699,184593.8727,1,3,3,2,5,5
817,468369.9527,200624.9751,4,3,3,4,1,5
818,427100.7217,187694.8212,5,5,5,5,5,5
819,407706.4729,205895.9814,5,5,5,5,5,5
820,434586.6304,143737.4416,5,4,4,5,5,3
821,442518.6324,146873.3826,5,3,5,4,4,5
822,471397.9089,207620.5608,1,1,2,1,1,3
823,427537.7758,188886.8358,5,4,5,4,4,4
824,412327.324,220253.2798,5,5,5,5,5,5
825,410242.7463,183688.2382,5,5,5,5,5,5
826,400082.6004,211592.175,3,2,2,1,1,4
827,408447.9065,192970.7451,3,2,4,2,1,3
828,416080.477,190978.1464,4,4,4,3,2,2
829,445239.2467,158761.6149,5,1,5,1,5,5
830,426795.0057,188065.619,4,4,4,3,5,4
831,441449.3309,176492.4021,5,5,5,5,4,1
832,443561.6233,178913.5406,2,2,3,3,5,5
833,437035.8238,187719.2213,2,2,2,2,4,3
834,425934.6718,180962.6132,5,5,5,5,5,5
835,424321.4812,183983.4155,5,4,5,3,5,3
836,411665.7982,197851.2742,3,2,3,1,1,1
837,431907.5628,166227.7751,5,5,5,4,5,5
838,437282.3367,187318.894,1,1,1,2,2,2
839,412131.5423,167017.014,5,5,5,4,3,5
840,465265.9032,201098.7734,4,5,5,5,4,5
842,438442.6528,163361.087,4,4,4,3,3,1
843,440618.2844,185934.4219,4,3,3,4,1,4
844,445317.477,190886.8635,3,1,1,1,1,3
845,425442.0403,177403.1615,3,3,3,3,5,3
846,432685.3375,198627.6254,3,2,4,1,1,1
847,407178.9569,190870.5406,5,5,5,3,1,5
848,426783.5535,187759.8028,5,4,5,3,3,5
849,454908.4928,188614.7897,4,3,3,3,3,3
851,429888.4622,174434.3741,1,1,1,1,2,1
853,436300.1675,186828.1078,4,4,4,2,4,4
854,442671.9716,217657.4702,5,5,5,3,2,3
855,436172.324,184595.1862,5,5,5,5,5,5
856,446661.8347,181766.264,2,2,3,3,1,2
857,438968.8623,187498.5893,3,1,3,2,5,3
858,433750.3351,190080.7876,5,5,5,5,5,4
859,433557.2922,190028.2929,5,5,5,5,5,5
860,426391.4068,178607.3351,2,2,2,3,5,5
861,448916.9153,153513.2691,5,5,4,4,5,5
862,438135.6153,191718.6693,3,3,4,2,3,4
863,459664.1287,197731.1515,5,5,4,5,5,2
864,441632.7071,176309.1455,5,5,5,5,5,5
865,428327.0698,187881.2515,5,5,5,5,5,4
866,459134.2333,207305.1061,5,5,5,4,5,5
867,444480.3441,191301.3713,5,4,4,2,1,1
868,433380.0002,192768.5503,5,5,5,5,5,5
869,412789.2694,179347.2416,5,4,5,3,3,4
870,407393.673,195296.0696,3,3,4,1,1,3
871,434573.4047,162758.3522,4,2,4,4,5,3
872,436505.3448,191221.7681,5,5,5,5,5,5
873,415256.5388,197932.8132,3,4,4,2,2,1
874,415456.5553,191726.5186,4,3,4,4,1,3
875,459634.8499,195877.1225,4,3,3,2,1,2
876,413045.2876,161049.4515,3,3,4,3,1,2
877,433368.9969,186995.5482,3,3,4,3,3,2
878,437743.5088,156312.1895,3,3,4,2,1,1
879,409536.44,206208.0177,4,4,4,3,5,1
880,433497.036,188740.9703,4,3,5,2,2,4
881,424737.0903,184246.0152,5,3,3,5,5,5
882,422775.5313,163904.2151,4,4,5,3,1,4
883,416749.8302,160816.3281,5,5,5,5,5,5
884,400351.2656,170033.9439,5,4,5,2,1,3
885,455444.7523,204852.9575,4,5,5,5,3,3
886,397637.463,211944.0709,5,4,5,4,4,5
887,425938.7095,184730.1412,2,4,2,2,5,5
888,422515.4897,227257.94,5,5,5,4,4,5
889,428316.8026,125011.9632,5,5,5,5,1,2
890,409080.986,219384.3688,4,3,3,4,5,1
891,460423.6119,208272.5713,5,4,5,4,1,2
892,435462.3172,120611.3299,3,3,3,2,1,5
893,408790.9079,218174.3701,4,3,4,1,1,5
894,424242.2488,178518.6915,4,4,4,4,4,4
895,430690.5271,194394.9238,4,4,4,4,5,3
896,425692.3282,188868.3099,3,3,1,1,2,3
897,413759.8221,160679.2708,5,4,4,2,2,2
898,438563.0259,156403.8083,1,1,1,1,3,5
899,410239.5303,215367.9888,4,4,5,5,2,5
900,434857.2095,197670.0476,5,3,5,5,5,3
901,442274.3644,148424.9587,5,5,5,5,5,4
902,440375.0673,157214.0926,5,5,5,5,5,4
903,405570.0431,191599.7991,1,3,5,2,5,5
904,413169.9425,179227.594,5,4,5,5,5,5
905,434326.5302,189702.1157,5,3,5,5,4,5
906,415469.3799,190552.5596,4,3,4,3,4,3
907,437411.702,190398.8947,5,5,5,5,5,5
908,443388.9282,179311.53,4,5,5,4,2,3
909,439687.8459,185886.9002,2,2,3,2,1,4
910,445546.4933,145060.4024,5,4,5,5,1,5
911,423685.8816,178106.6265,5,4,4,4,3,5
912,448923.3649,152151.3899,5,5,5,5,5,5
913,437245.5341,191201.9451,3,4,4,3,1,5
914,409843.855,221029.9567,4,2,5,2,1,1
915,411081.5451,164492.7593,5,5,5,4,1,5
916,416212.8455,174880.1264,4,4,5,4,5,5
917,400761.6799,198918.826,5,5,5,5,5,2
918,429282.5919,175290.5306,3,3,3,1,1,5
919,453666.3273,209397.1011,2,3,4,2,1,2
920,474694.7153,211891.0653,4,3,3,1,1,2
921,429645.5976,177185.3569,5,5,4,5,5,5
922,431294.4909,195836.4353,2,1,2,3,3,4
923,460329.3143,200909.3713,3,2,3,3,3,1
924,440400.9784,192640.9762,4,3,4,3,4,4
925,439728.4487,188266.411,4,3,4,3,3,3
926,448147.3791,151798.9461,3,2,5,2,5,4
927,416170.5613,158217.9113,5,3,5,3,1,3
928,457976.8443,205744.5965,3,4,4,4,5,4
929,415752.8045,198689.3602,5,4,4,5,5,4
930,435663.2754,155132.87,5,5,4,5,5,5
931,460075.1637,203237.7459,4,4,5,3,3,2
932,450095.1102,193012.2882,5,4,5,5,5,5
933,440224.0717,158087.3933,5,4,5,5,5,4
934,396362.4657,189288.4001,4,4,5,3,1,4
935,400287.8677,209502.0063,2,5,1,2,1,3
936,453154.8668,184726.2808,3,3,3,1,1,4
937,427919.4449,185084.6197,1,3,3,3,2,2
938,454292.8408,188741.8077,3,3,3,2,4,3
939,403679.0891,193210.5896,5,4,4,3,1,4
940,411818.2082,206103.544,5,3,5,1,1,4
941,435910.7605,193325.1967,1,3,5,3,5,4
942,427528.4222,165562.9186,5,4,5,4,5,4
944,416239.8268,178404.9588,3,2,4,2,2,4
945,443193.9869,144968.8644,4,4,4,4,5,2
946,446536.8099,193660.4379,3,4,5,2,1,3
947,470945.871,207558.0108,5,3,4,2,1,5
948,408545.9541,171626.6604,5,5,5,5,5,1
949,422640.109,178206.885,5,5,5,5,5,5
950,419612.4368,190835.814,5,5,5,5,5,5
951,439680.2443,158470.8593,5,5,5,5,5,5
952,447105.2702,173635.8943,5,5,5,5,5,5
953,427480.2074,187486.4993,5,5,4,4,5,5
954,409717.4999,206207.3926,5,5,3,5,5,4
955,461320.5934,200828.5279,3,3,3,4,5,3
956,405323.9607,216202.1603,4,3,4,3,1,3
957,409317.3419,219992.0244,3,3,4,3,3,3
958,458690.359,208943.4487,5,3,3,4,5,3
959,415176.6772,177687.547,4,3,5,3,5,3
960,407554.2743,195654.9441,5,4,5,4,1,3
961,441537.3759,188627.2728,5,5,5,4,5,5
962,390101.6414,207926.7521,4,3,3,4,1,3
963,438413.5331,141093.1584,2,2,3,3,4,4
964,429530.9669,171400.3702,5,3,5,1,2,3
965,435426.7342,179682.0685,5,5,5,5,5,5
966,436368.0284,158096.2207,5,5,5,5,5,5
967,437795.6085,144993.3174,4,3,5,2,1,3
968,426131.97,185761.6035,3,3,4,3,3,3
969,420395.3983,189016.2695,4,4,4,4,5,4
970,466796.8448,202717.2964,5,5,5,5,5,3
971,444182.3965,181966.6801,4,4,4,3,1,2
972,460076.3531,208397.3932,5,4,5,4,2,4
973,433504.6878,160133.6377,5,5,5,4,5,3
974,441235.5801,187373.3475,4,4,5,4,5,4
975,437681.4267,191314.9835,5,5,5,4,5,5
976,433961.1753,194078.0249,4,3,5,5,5,5
977,459642.5701,201953.6583,3,3,5,5,4,4
978,413709.2206,160181.5918,1,1,1,1,2,1
979,443779.978,149706.1247,4,3,4,2,1,3
980,444780.3731,182579.9141,5,5,5,5,5,5
981,430579.1499,163111.9943,3,2,2,2,5,3
982,440239.1614,159141.5234,5,5,5,5,4,5
983,441303.9612,178596.4535,2,2,2,1,3,2
984,438832.0935,185230.845,5,5,5,5,5,5
985,443616.4371,177455.2908,1,1,1,1,1,2
986,390052.6811,206555.8274,4,2,4,3,3,4
987,422823.3867,187198.0239,5,4,5,4,5,5
988,434246.865,187161.9487,4,4,5,4,4,4
989,414950.0205,174652.7537,5,5,5,4,3,4
990,437466.136,144202.8215,5,3,5,4,5,5
991,439176.7499,187876.9743,3,3,4,4,4,4
992,433458.4005,188704.384,3,3,4,1,1,1
993,436785.9265,185894.8228,5,3,4,4,4,3
994,438466.0979,187573.1955,4,4,3,2,3,5
995,465128.0376,223283.9991,4,3,3,2,1,2
996,429596.5536,174991.02,5,4,5,4,4,4
997,425864.597,188264.5209,5,5,5,5,2,5
998,389493.6355,183836.3893,5,5,5,5,5,5
999,436816.7692,185347.3661,5,4,5,5,5,4
1000,424117.6174,181165.6255,1,1,1,1,1,1
1001,413267.615,168513.7577,5,4,4,5,5,5
1002,475728.4868,210679.4285,5,5,5,5,5,5
1003,469306.087,211630.669,3,3,3,2,1,5
1004,436305.462,153900.0798,5,4,5,4,3,3
1005,432945.3708,189063.9007,5,5,5,5,5,5
1006,452818.0648,210909.3472,4,4,4,4,4,5
1007,428787.0603,176443.5876,1,1,1,1,5,1
1008,462945.3433,199610.9982,5,5,5,5,5,5
1009,458082.5271,211142.6635,5,4,5,5,4,4
1010,435147.4791,191206.2642,5,5,4,3,5,4
1011,438680.906,164141.0477,3,2,2,2,2,4
1012,454582.2608,190051.2236,3,1,4,3,5,1
1014,456738.5812,208045.1473,3,2,3,2,2,4
1015,437917.2928,186287.2831,3,3,5,3,5,3
1016,424580.036,178709.4666,4,5,3,4,5,3
1017,412261.1035,214861.7856,5,3,5,4,3,5
1018,433562.1458,163535.7447,5,5,5,5,1,5
1019,424716.3691,193139.7335,3,3,3,3,3,3
1020,437674.2068,186782.474,3,3,3,3,3,4
1021,438934.2121,189583.3891,3,3,2,3,3,4
1022,414596.6676,181218.875,3,3,3,3,3,3
1023,454729.796,195204.0238,3,3,3,2,5,4
1024,435605.1841,190572.622,5,4,5,5,5,5
1025,434884.4151,185754.452,3,4,4,4,4,3
1026,408652.0718,170994.5019,5,5,5,5,5,5
1027,437542.0343,185676.473,5,3,4,5,5,5
1028,433112.3256,190322.4451,5,5,5,5,5,5
1029,428781.6492,184226.7309,5,4,3,3,5,4
1030,425429.1517,188113.177,3,3,4,4,5,4
1031,441456.2501,158364.7947,5,3,5,4,4,3
1032,407720.489,193627.2961,4,4,4,2,2,2
1033,439129.9263,188301.1034,1,2,1,1,2,3
1034,416973.7282,174498.8875,5,5,5,4,3,3
1035,425144.4124,165632.8823,4,5,5,5,4,4
1036,446314.1884,192746.0048,5,5,5,5,1,5
1037,440366.481,186426.9438,5,3,5,5,5,5
1038,424141.6105,225041.602,3,3,4,2,1,4
1039,414791.0202,176899.1064,4,3,5,3,5,5
1040,437355.056,140980.1079,1,2,2,1,1,2
1041,406356.0639,185125.3323,4,2,5,1,1,2
1042,448844.7139,151837.9508,5,3,3,5,5,5
1043,455955.3137,208431.7287,5,5,5,5,5,5
1044,436573.3874,191289.423,4,3,4,2,1,4
1045,416001.3868,223256.5987,5,3,4,2,1,5
1046,425795.6033,180221.0243,4,3,4,2,3,3
1047,420366.268,180705.2685,4,2,4,3,5,3
1048,385175.3823,221430.8598,3,2,2,3,1,5
1049,419667.3245,182546.1594,3,3,4,2,2,2
1050,429360.9072,186603.069,5,5,5,5,5,3
1051,450332.788,192839.3132,4,3,4,5,4,5
1052,399254.5868,190415.4093,5,5,5,2,1,5
1053,414920.2869,217262.8384,5,5,5,5,5,5
1054,422837.286,189658.6738,4,3,5,3,4,3
1055,417111.2608,197847.6927,4,3,4,3,4,2
1056,391609.7511,208790.706,4,3,4,4,3,5
1057,442339.6778,146841.0851,4,4,4,1,5,5
1058,430829.6291,195279.3589,5,1,5,5,5,5
1059,465099.5989,200411.6795,4,3,3,3,3,2
1060,430931.2409,189653.3039,4,2,4,2,4,2
1061,425556.6905,173925.3402,5,5,5,5,5,5
1063,412272.9596,215660.1922,5,5,4,4,4,3
1064,457952.9416,200180.3592,5,5,4,3,4,1
1065,421740.5084,167800.3477,5,5,5,5,3,5
1066,396862.786,199216.3059,5,4,5,3,5,3
1067,443472.135,192955.9395,5,5,5,3,1,4
1068,405524.6529,191658.2123,5,5,5,5,5,5
1069,426635.0826,154754.6807,5,5,5,5,5,5
1070,420992.333,177925.7766,4,3,3,3,2,4
1071,436867.1536,186667.2668,2,2,1,1,4,2
1072,437855.7733,191689.3649,4,3,4,4,5,3
1073,429030.1814,148966.9995,5,5,5,5,3,5
1074,452933.7289,210675.0559,3,5,3,3,3,1
1075,410304.1075,164912.2275,4,4,4,3,1,3
1076,427488.6017,185648.0658,5,5,3,3,4,3
1077,455987.9524,193164.2759,3,3,4,3,3,4
1078,427127.4789,174572.1877,4,4,4,4,4,4
1079,413778.9928,180268.756,4,5,5,4,4,5
1080,424016.1517,178397.725,3,3,2,4,4,1
1081,448177.3476,171973.357,3,4,4,4,3,3
1082,422467.6712,176572.5289,5,4,4,5,2,5
1083,433205.8522,162151.9765,3,2,4,3,5,3
1084,406847.9057,167898.288,5,5,5,4,4,3
1085,410501.6077,215384.0075,5,4,5,3,1,5
1086,417390.4013,173423.2704,4,4,4,3,4,3
1087,427004.6909,180799.3492,1,1,3,1,1,1
1088,394815.1814,188739.5501,5,5,5,5,3,5
1089,464446.2004,200748.9361,2,2,3,3,1,2
1090,441708.4554,146585.7629,4,4,4,3,4,3
1091,424983.9466,162997.4388,2,2,2,1,2,5
1092,466814.0494,202778.0094,5,5,5,5,5,4
1093,445685.6318,181586.8998,3,3,4,3,1,4
1094,437610.6417,143987.536,5,4,5,4,5,5
1095,433792.5217,186686.4968,3,2,2,3,3,2
1096,414713.5463,171133.0722,3,2,2,2,5,3
1097,451306.7175,173856.5117,5,5,5,5,5,5
1098,416800.1791,198061.3251,5,4,4,3,3,4
1099,432321.3689,188282.468,5,4,4,5,5,5
1100,417096.7355,169712.8307,4,4,4,4,2,3
1101,454426.1375,189812.546,5,5,5,5,5,5
1102,415373.972,189256.4198,5,5,4,5,5,2
1103,408505.9926,193337.5728,5,3,5,1,1,5
1104,443119.204,210659.021,5,4,4,3,1,2
1105,419315.9735,172065.7965,4,4,4,3,5,3
1106,431609.3191,125255.1875,4,2,5,2,1,3
1107,418414.2074,189700.8625,5,4,4,3,3,3
1108,415029.5696,177492.0324,3,3,3,5,5,4
1109,436934.5346,193882.6358,5,4,4,4,5,4
1110,423202.0823,162843.3561,1,1,1,1,1,2
1111,439127.0365,184782.1117,3,3,4,4,4,4
1112,433164.1997,173932.5038,1,2,2,2,2,3
1113,424362.9549,185249.4106,5,5,5,5,5,5
1114,456407.5054,208571.7726,4,4,4,3,4,4
1115,408915.8905,222887.4197,3,3,5,2,2,3
1116,441888.0731,125972.3105,5,5,5,5,5,5
1117,421751.523,179327.9313,1,5,5,5,5,2
1118,438167.9491,163015.4575,5,5,5,4,5,3
1119,439469.6996,191871.3665,3,1,5,1,1,4
1120,411323.6522,213314.8548,3,2,4,2,1,2
1121,408695.1944,163553.8681,5,5,5,5,5,3
1122,420318.2312,181977.3506,5,5,5,5,1,2
1123,438479.5741,186162.1124,2,2,2,1,3,2
1124,413207.2659,166369.5353,4,3,5,5,5,5
1125,427272.2867,191883.1335,4,3,3,3,5,3
1126,423129.1143,189230.9306,5,5,5,5,1,5
1128,397406.9946,212785.7242,3,4,3,2,1,5
1129,449071.9647,211810.8987,5,4,5,4,3,5
1130,442735.7274,175340.5711,4,3,4,3,2,3
1131,411732.3492,167234.9295,3,3,5,1,1,1
1132,413982.0989,170028.5463,4,4,4,3,2,3
1133,416420.7278,171835.6299,3,1,3,2,3,4
1134,433986.0755,201837.1505,5,3,4,4,4,4
1135,413002.1576,216094.2349,5,5,3,4,2,5
1136,445770.8071,187986.2645,3,2,3,3,4,3
1137,402168.0427,199346.0007,5,4,5,4,1,1
1138,413477.3442,214467.341,5,4,4,5,3,3
1139,459729.3452,206163.4928,5,4,4,3,4,4
1140,404243.4059,187359.1874,4,3,4,2,1,1
1141,439748.4428,189774.6557,4,3,4,4,1,4
1142,433918.9445,189243.7974,5,4,4,5,5,1
1143,430169.6773,176680.8392,5,3,4,3,3,2
1144,448592.4598,178701.1462,4,4,3,3,3,3
1145,402744.769,226739.3645,3,3,3,1,1,2
1146,438806.7398,148042.1441,5,5,5,4,4,5
1147,421128.7317,164851.6313,2,2,2,1,1,5
1148,412898.6246,179697.6549,4,4,4,3,4,4
1149,441851.9769,154930.7384,5,5,5,5,5,1
1150,426516.4978,162339.2602,5,5,5,5,5,2
1151,447780.3051,153512.2429,5,5,5,5,5,5
1152,471618.6473,204922.8529,4,4,4,5,1,5
1153,390211.891,225815.6994,5,3,5,3,1,5
1154,434168.459,188256.3916,3,3,3,3,4,4
1155,433604.4879,194826.9746,4,4,4,4,4,4
1156,433289.141,186284.9789,4,4,4,3,5,4
1157,459076.0526,202482.6149,3,3,2,1,1,3
1158,458752.2433,195927.2288,3,2,5,1,4,3
1159,446842.7452,142310.7321,4,4,4,4,5,2
1160,400428.8832,208912.4465,1,1,4,2,2,3
1161,434689.636,189205.2297,3,3,4,3,3,2
1163,431426.9138,163903.0109,3,2,2,2,1,2
1164,408613.0715,207133.223,5,5,5,4,1,2
1165,436875.67,185551.3512,5,5,5,5,5,4
1166,446273.3946,139579.3759,4,4,3,5,5,1
1167,413990.4974,213713.0556,3,4,3,4,4,4
1168,441840.0962,138061.1265,5,5,5,5,5,5
1169,408731.9089,221743.1795,1,3,1,1,2,1
1170,416870.4362,170133.2926,5,5,5,5,5,5
1171,433325.5177,197093.3364,4,1,5,4,1,4
1172,419019.6835,175258.2305,5,3,5,5,5,5
1173,412912.6296,175971.3077,5,4,5,5,5,3
1174,452413.5756,223736.6947,5,4,3,3,1,3
1175,397307.3582,212767.9697,3,3,4,3,3,2
1176,429325.2141,175871.7305,3,3,3,2,1,4
1177,437328.4171,193126.3913,4,4,4,4,4,4
1178,430848.3447,203892.3104,5,4,4,4,5,2
1179,439230.6614,158493.175,5,5,5,5,5,1
1180,442664.6337,154232.5291,5,5,5,5,5,5
1181,420648.8157,173342.1996,4,3,5,3,5,3
1182,474231.3051,207514.2767,3,3,3,3,3,2
1183,431784.8573,186648.4852,5,5,4,5,5,4
1184,439867.7005,128152.0365,5,5,5,5,5,5
1185,417422.9363,195113.5619,4,4,4,5,5,4
1186,413892.4613,176388.0015,3,3,4,3,4,3
1187,450557.2498,225047.3024,5,5,5,2,1,4
1188,408924.6142,222125.8707,4,4,4,3,1,3
1189,458928.5269,210413.686,5,5,5,5,5,3
1190,435997.0683,164899.5224,5,5,5,5,1,5
1191,423901.1345,180720.2863,3,3,3,4,5,5
1193,457175.4464,192795.882,2,2,3,2,2,2
1194,452986.6746,184889.8948,4,3,3,3,4,4
1195,400618.0091,188913.6232,5,5,5,5,1,4
1196,397176.5831,193576.1538,5,3,5,3,1,5
1197,399424.8288,190326.0338,5,5,5,5,1,2
1198,405847.513,171058.8356,2,2,3,4,5,5
1199,439856.3595,164373.0407,5,5,5,5,5,3
1200,400975.5535,189816.164,5,5,5,5,1,1
1201,456188.9302,200803.6957,4,5,5,3,1,3
1202,427153.5796,179801.6614,4,3,3,3,5,5
1203,430093.2852,196287.8796,5,4,5,3,3,4
1204,474408.0418,209144.5235,3,3,3,4,5,2
1205,457952.1251,210955.7596,3,2,4,1,1,2
1206,438655.7687,122875.2291,5,5,5,4,5,4
1207,441224.0108,125717.7188,5,5,5,5,4,5
1208,400076.1692,198788.7665,2,2,3,1,1,3
1209,431296.5066,163024.6037,4,3,3,2,1,3
1210,434739.4845,190124.9046,4,4,5,3,5,5
1211,424450.885,163023.7194,5,4,4,3,5,3
1212,402879.2881,202479.4837,5,4,5,5,4,5
1213,459219.7196,201012.7415,3,3,3,3,3,3
1214,430886.1976,186054.9551,4,4,5,4,5,4
1216,404759.0055,185099.2173,3,4,5,3,1,2
1217,426042.1521,185872.6884,4,5,4,5,5,3
1218,433622.1505,190233.9747,3,3,3,2,3,3
1219,430797.3696,170235.1003,4,3,4,3,1,4
1220,401493.2385,208829.9875,5,4,5,5,4,4
1221,441674.3987,125898.3491,5,5,5,4,4,4
1222,419435.2469,179267.666,3,3,4,3,1,3
1223,408115.3463,179634.9486,4,4,4,3,3,3
1224,458308.2406,204056.2633,2,3,2,2,3,2
1225,449893.0766,192747.5701,5,5,5,5,5,5
1226,457968.8298,195533.4571,5,5,5,5,5,5
1227,447218.112,191049.2424,5,4,5,2,1,5
1229,446596.228,218919.9997,5,5,5,5,5,5
1230,445141.627,182463.8176,4,4,3,5,5,5
1231,439321.6918,227746.6186,5,4,4,3,2,4
1232,438601.5864,189577.9373,2,2,2,1,1,3
1233,438801.3364,189865.6416,5,5,5,5,1,5
1234,440523.4037,164193.066,1,1,1,1,1,4
1236,453267.6296,210747.2013,4,5,4,3,5,4
1237,426676.2216,188773.3295,5,4,5,3,4,3
1238,413060.5814,160578.9883,3,4,5,2,5,5
1239,459807.5805,201489.4427,3,3,2,1,1,3
1240,438469.635,186311.5631,5,5,5,3,1,3
1241,432089.1996,186202.0687,5,5,5,5,5,5
1242,435782.5381,155625.494,5,5,5,5,5,5
1243,408519.5421,218349.8437,5,4,5,5,5,5
1244,436765.2785,158826.029,5,4,5,3,5,4
1245,434174.185,174501.766,5,5,5,4,5,2
1246,440612.7079,124211.7048,5,5,5,5,5,5
1247,427593.5692,187788.0136,5,4,4,5,5,4
1248,440043.5912,186549.8071,2,4,2,3,4,1
1249,432584.7486,188510.1345,2,4,5,3,5,3
1250,425235.5806,179780.036,5,5,5,5,5,4
1251,414735.9974,170755.3592,5,5,5,4,5,5
1252,442216.7611,155123.6697,4,4,5,4,5,4
1253,434137.6996,189738.14,5,5,5,5,5,5
1254,443858.3716,144862.4168,5,5,4,4,3,3
1255,465071.9993,201444.8917,5,5,5,5,5,5
1256,432893.0807,162802.4127,4,2,3,3,4,4
1257,415434.383,184935.0392,5,5,5,5,1,5
1258,437137.7408,184933.4089,5,5,4,5,5,5
1259,399814.2127,172599.4514,3,2,3,3,3,3
1260,434749.8222,185997.3759,4,4,4,4,4,2
1261,454577.0733,195248.2794,5,5,5,5,5,5
1262,424003.5245,163067.6589,4,2,4,3,5,3
1263,443248.3841,154598.203,1,1,1,5,1,1
1264,446697.0216,152422.0778,2,2,5,2,4,3
1265,412965.6262,169772.7148,3,4,4,3,4,4
1266,434108.5295,190400.8174,5,5,5,5,5,5
1267,433018.3553,185457.9903,5,5,3,3,1,5
1268,433334.592,185491.9336,5,5,5,5,5,5
1269,441814.7375,146362.3064,4,3,4,3,4,2
1270,431539.2764,186716.9531,4,4,4,3,5,3
1271,424325.211,163777.5585,3,3,4,2,1,1
1272,460030.573,208294.5435,5,4,3,3,1,5
1273,386015.3694,220671.5716,2,2,4,5,1,5
1274,415764.761,199602.9288,5,4,5,4,5,3
1275,400426.1798,210400.7645,4,4,4,4,5,4
1276,424198.5241,178179.7558,4,2,4,2,3,3
1277,437253.2635,185264.2935,5,5,5,5,5,4
1278,441201.9014,162709.2851,1,1,5,5,5,5
1279,440383.9315,124227.8982,4,4,4,4,5,4
1280,455452.4318,205902.1288,5,5,5,5,1,5
1281,436869.5918,138410.3422,5,4,4,4,5,4
1282,457357.3061,207028.0487,4,3,4,3,1,4
1283,432161.335,186092.6732,3,2,4,3,3,5
1284,444573.1644,142852.7945,3,2,5,3,1,3
1285,423557.4669,197005.4663,4,2,3,1,1,3
1286,427141.5652,188626.2677,5,5,5,5,5,5
1287,434618.1794,189756.3337,4,4,4,5,5,4
1288,426202.3253,185768.19,4,2,4,3,4,3
1289,460010.0384,222959.7444,5,5,5,5,5,5
1290,433176.5964,188019.638,5,3,5,3,3,4
1291,432991.921,188781.1873,5,4,4,5,4,5
1292,476417.2346,209844.4931,5,5,5,4,5,5
1293,421143.4344,192737.5586,4,5,5,4,5,5
1294,425836.6512,154383.1803,4,3,4,5,5,4
1295,440276.7898,164053.323,5,5,5,3,5,5
1296,443379.8076,160724.6292,4,3,4,4,5,2
1297,426382.7335,179034.6198,5,2,5,5,5,1
1298,439803.5151,187465.0743,2,2,2,4,5,1
1299,427102.5672,150523.623,4,4,5,2,4,5
1300,443863.6976,193325.7328,3,3,5,3,2,3
1301,438394.7197,156802.7564,5,5,5,3,1,3
1302,421684.4836,188604.2506,1,1,4,2,2,1
1303,384912.181,212243.2711,2,2,5,5,1,5
1304,431429.9256,199912.1476,3,3,3,4,4,3
1306,437082.0103,185313.4598,5,5,4,4,5,4
1307,448867.359,183943.3685,2,2,2,2,2,2
1308,442944.3348,145285.9574,4,3,5,2,3,3
1309,458307.4997,200443.0347,3,3,3,3,5,3
1310,436486.3484,184685.5722,5,5,5,5,5,5
1311,443142.798,193238.6346,4,4,4,2,1,3
1312,445749.8877,192372.9654,5,5,5,5,5,5
1313,431292.7211,200897.5767,3,4,5,4,5,3
1314,448821.0219,217787.3893,4,3,5,3,1,4
1315,426742.7769,165645.7613,5,5,5,5,5,5
1316,417433.6231,196701.5001,4,1,5,2,4,1
1317,408336.3601,171686.1481,4,3,5,2,5,5
1318,433758.361,189895.7455,5,4,5,5,5,5
1319,440405.6482,186099.7686,4,3,3,4,4,4
1320,433723.7436,188769.8909,4,4,5,5,5,3
1321,442295.2216,157980.9086,5,5,5,5,5,1
1322,433315.2449,187730.9635,5,4,4,4,3,2
1323,414711.6815,180244.6091,5,5,5,5,4,4
1324,427172.7347,160274.4652,5,3,3,2,1,5
1325,440797.5014,137235.4278,2,3,4,3,4,1
1326,453086.4279,210491.8437,4,3,4,3,4,5
1327,417531.8909,190037.6578,5,3,4,5,1,3
1328,443457.022,192717.836,5,4,4,4,5,2
1329,376807.1773,216362.573,5,5,5,5,1,4
1330,401448.6718,208682.1643,5,5,5,3,4,5
1331,427687.8879,147892.0685,5,4,5,3,5,3
1332,437652.3804,186945.8456,3,2,2,2,4,3
1333,397967.6162,211035.9041,4,3,4,2,5,1
1334,427043.1647,164964.5457,4,1,2,1,1,1
1335,426302.6399,187437.158,5,5,4,3,3,5
1337,442078.2833,191125.0966,2,3,4,2,5,2
1338,430043.1292,170836.0931,4,4,4,4,3,5
1339,409023.1661,163989.1554,3,3,5,3,5,5
1340,451546.8319,174107.9452,5,5,5,5,5,5
1341,437800.4253,186519.2299,4,3,4,4,4,3
1342,438119.0537,148665.5424,5,5,4,5,1,4
1343,398082.2865,191966.9419,4,3,4,3,1,3
1344,449283.0602,210036.28,5,3,3,5,1,5
1345,394093.1874,178974.8628,3,2,5,3,3,2
1346,439216.1656,188833.878,3,3,4,2,4,5
1347,433871.3741,185326.515,1,2,2,2,2,1
1348,427440.0974,188239.7881,3,3,3,2,1,3
1349,437556.3829,186391.0073,5,3,3,4,5,5
1350,409917.1296,170578.8532,3,2,4,1,4,3
1351,439349.3891,188199.7079,4,4,4,4,3,3
1352,454595.0797,211916.0132,4,3,4,2,4,3
1353,409425.2187,219593.164,5,5,4,2,1,5
1354,375563.3585,214160.9278,5,5,5,5,1,5
1356,393949.1692,179165.1238,4,1,4,2,1,3
1358,438710.5861,123326.0565,4,5,5,4,1,4
1359,448351.408,212037.6832,5,5,5,4,1,4
1360,452672.7222,200905.1207,5,3,5,3,2,4
1361,430073.4662,146219.1712,5,5,5,5,5,3
1362,459397.2898,208515.9001,5,5,5,5,1,3
1363,411392.0036,214538.5787,5,5,5,3,5,5
1364,460689.0582,208211.5108,5,3,4,2,1,5
1365,429651.8791,212793.4883,4,4,4,5,4,4
1366,429650.1541,175059.9858,3,2,3,1,1,2
1367,417403.8511,199763.5171,5,4,5,4,5,2
1368,414807.4636,173052.9426,4,2,4,4,5,3
1369,415870.1292,159591.4954,1,1,2,3,3,2
1370,429088.4367,175432.9544,2,2,3,1,1,3
1371,421919.5446,180924.155,2,1,3,2,5,5
1372,465034.3222,216826.3305,5,5,5,5,5,3
1373,434034.9466,189935.9007,5,5,4,4,5,5
1374,443133.5918,154941.4425,4,4,4,3,2,3
1375,432036.6136,202317.2884,3,3,2,1,1,5
1376,400826.3224,189871.2035,3,2,4,1,1,1
1377,436966.2754,188246.1707,5,5,4,3,1,3
1378,439306.2727,205739.8728,5,5,5,5,5,5
1379,439235.4831,186911.6528,5,5,5,4,5,5
1380,458822.3387,203669.5915,4,4,4,3,4,4
1381,446623.7205,159354.9275,4,2,4,3,4,3
1382,437301.0639,187114.0022,4,3,3,3,1,3
1383,406140.4878,190799.7808,4,4,4,4,5,5
1384,448240.5575,160981.9412,5,5,5,1,1,5
1385,401145.3966,210693.0796,3,2,4,1,1,4
1386,433097.4462,192139.6997,5,5,5,5,5,5
1387,430794.9221,196759.8622,5,5,5,5,5,5
1388,433760.0775,189802.1555,4,4,5,5,5,2
1389,410437.499,173740.4762,4,5,4,4,4,3
1390,409443.9757,172228.1974,5,5,5,4,4,4
1391,418805.7941,169669.2897,4,3,4,3,1,2
1392,425654.5858,187740.371,3,2,3,3,4,3
1393,414661.0231,174925.7887,5,5,5,5,5,5
1394,443258.8311,185614.7647,4,4,3,1,3,3
1395,396773.0841,226905.5861,4,2,4,2,1,5
1396,471373.6353,207476.7556,5,5,5,5,2,5
1397,459832.214,208589.9377,3,3,5,3,1,4
1398,466818.5095,202639.549,3,1,1,5,4,2
1399,401957.0218,208274.8311,2,5,5,2,1,2
1400,441879.4837,137995.6969,1,1,1,3,5,2
1401,409577.9744,221064.3594,3,4,3,5,5,3
1402,396399.2268,217789.4931,3,2,4,2,1,4
1403,381083.1919,214080.8661,4,3,4,1,1,3
1404,412970.987,215926.0346,3,1,2,1,1,5
1405,412636.4508,216977.1628,5,5,5,5,1,5
1407,457177.4267,221428.1061,5,1,3,1,1,3
1408,399729.7754,226719.8277,5,3,3,5,5,5
1410,450517.3265,220378.056,3,4,5,1,1,3
1411,449994.7588,189880.542,5,5,5,5,5,3
1412,422060.1121,167372.24,2,2,4,1,1,3
1413,396536.9199,189825.3357,4,3,4,4,1,1
1414,390249.4117,222839.7049,2,1,4,1,1,5
1415,457243.0431,221409.1007,5,5,5,4,1,4
1417,452130.74,195518.8276,4,4,4,3,3,4
1418,442756.7763,210270.339,4,3,4,2,1,5
1419,408745.7999,219856.2513,5,4,5,4,2,5
1420,385049.8162,212231.9957,5,4,5,3,3,5
1421,408230.938,220606.6579,3,5,5,1,1,5
1422,392760.1228,201079.1432,2,2,5,4,2,1
1423,467382.5699,203145.8459,2,1,3,3,4,1
1426,441842.124,137051.1657,4,4,4,3,5,1
1427,406001.5017,206660.6663,4,1,5,4,1,1
1428,449460.9297,209697.2905,5,5,5,5,1,2
1429,405847.9645,199664.2517,5,3,4,1,1,3
1430,441615.4429,126524.3387,3,2,3,3,5,3
1431,408290.7142,206790.2354,5,3,4,3,4,4
1432,409128.3375,222586.9376,5,5,4,5,2,4
1433,450780.3701,198727.5503,4,3,5,3,1,4
1434,429353.7465,135656.876,4,3,4,3,5,4
1435,447264.7857,216449.5722,5,5,4,4,4,5
1437,440228.6267,150967.0058,5,4,5,5,5,3
1438,445031.2876,161086.2186,5,5,5,5,3,5
1439,448159.7306,163522.8139,5,5,5,5,5,4
1440,420265.5231,164835.8156,3,4,3,3,1,1
1441,433495.4679,154214.1707,5,4,5,2,5,2
1442,450837.7582,198078.6462,4,4,4,4,5,5
1444,406601.0509,185557.0885,4,4,5,3,5,3
1445,430614.7236,210116.5697,4,4,5,1,1,4
1446,377388.0071,211484.1498,2,3,2,2,1,1
1447,450649.8434,178995.3165,5,5,5,5,5,5
1448,466164.4026,199254.9926,2,2,3,1,4,2
1449,459824.296,208596.2305,5,4,4,3,1,5
1451,381189.3959,209995.9508,5,5,5,5,1,5
1452,412052.3078,213852.1489,5,3,4,3,1,5
1453,454366.7395,198776.5369,5,5,3,2,1,5
1454,450479.1958,152530.0268,5,5,5,5,5,5
1455,425101.3704,225138.2268,5,5,5,5,1,5
